Name,first_season,last_season,start_age,end_age,games_played,teams,num_teams,key_mlbam,key_retro,key_bbref,key_fangraphs
A.J. Burnett,2001,2015,24,38,370,['Blue Jays' 'Marlins' 'Pirates' 'Yankees' 'Phillies'],5,150359.0,burna001,burnea.01,512.0
A.J. Griffin,2013,2013,25,25,32,['Athletics'],1,456167.0,grifa002,griffaj01,11132.0
Aaron Cook,2006,2008,27,29,89,['Rockies'],1,346871.0,cooka002,cookaa01,1571.0
Aaron Harang,2005,2015,27,37,279,['Reds' 'Braves' 'Dodgers' 'Padres' 'Phillies'],5,421685.0,haraa001,haranaa01,1451.0
Aaron Nola,2017,2019,24,26,94,['Phillies'],1,605400.0,nolaa001,nolaaa01,16149.0
Aaron Sanchez,2016,2016,23,23,30,['Blue Jays'],1,592717.0,sanca006,sanchaa01,11490.0
Aaron Sele,2001,2001,31,31,34,['Mariners'],1,121986.0,selea001,seleaa01,34.0
Adam Eaton,2003,2004,25,26,64,['Padres'],1,,,,
Adam Wainwright,2007,2019,25,37,261,['Cardinals'],1,425794.0,waina001,wainwad01,2233.0
Al Leiter,2001,2004,35,38,122,['Mets'],1,117652.0,leita001,leiteal01,883.0
Albie Lopez,2001,2001,29,29,33,['- - -'],1,117913.0,lopea002,lopezal02,102.0
Alex Cobb,2014,2017,26,29,56,['Rays'],1,502171.0,cobba001,cobbal01,6562.0
Alex Wood,2014,2015,23,24,67,['Braves' '- - -'],2,622072.0,wooda002,woodal02,13781.0
Alexi Ogando,2011,2011,27,27,31,['Rangers'],1,468396.0,ogana001,ogandal01,10261.0
Alfredo Simon,2014,2015,33,34,63,['Tigers' 'Reds'],2,430580.0,simoa001,simonal01,2155.0
Andrew Cashner,2013,2017,26,30,90,['Padres' 'Rangers'],2,488768.0,casha001,cashnan01,8782.0
Andrew Heaney,2018,2018,27,27,30,['Angels'],1,571760.0,heana001,heanean01,15423.0
Andy Ashby,2002,2002,34,34,30,['Dodgers'],1,110351.0,ashba002,ashbyan01,637.0
Andy Pettitte,2001,2013,29,41,264,['Astros' 'Yankees'],2,120485.0,petta001,pettian01,840.0
Andy Sonnanstine,2008,2008,25,25,32,['Rays'],1,458567.0,sonna001,sonnaan01,7667.0
Anibal Sanchez,2010,2019,26,35,154,['Tigers' 'Marlins' '- - -' 'Nationals'],4,434671.0,sanca004,sanchan01,3284.0
Anthony DeSclafani,2015,2019,25,29,62,['Reds'],1,543101.0,desca001,desclan01,13050.0
Armando Galarraga,2008,2008,26,26,30,['Tigers'],1,451482.0,galaa002,galarar01,4222.0
Barry Zito,2001,2012,23,34,373,['Athletics' 'Giants'],2,217096.0,zitob001,zitoba01,944.0
Bartolo Colon,2001,2016,28,43,325,['White Sox' '- - -' 'Angels' 'Athletics' 'Indians' 'Mets' 'Yankees'],7,112526.0,colob001,colonba01,375.0
Ben Sheets,2002,2008,23,29,133,['Brewers'],1,282656.0,sheeb001,sheetbe01,710.0
Blake Snell,2018,2018,25,25,31,['Rays'],1,605483.0,snelb001,snellbl01,13543.0
Bobby Jones,2001,2001,31,31,33,['Padres'],1,,,,
Boof Bonser,2007,2007,25,25,31,['Twins'],1,425818.0,bonsb001,bonsebo01,2159.0
Brad Bergesen,2010,2010,24,24,30,['Orioles'],1,448269.0,bergb002,bergebr02,8375.0
Brad Keller,2019,2019,23,23,28,['Royals'],1,641745.0,kellb003,kellebr01,15734.0
Brad Penny,2001,2011,23,33,220,['Marlins' 'Dodgers' '- - -' 'Tigers'],4,207267.0,pennb002,pennybr01,535.0
Brad Radke,2001,2006,28,33,159,['Twins'],1,120878.0,radkb001,radkebr01,748.0
Braden Looper,2007,2009,32,34,98,['Cardinals' 'Brewers'],2,131702.0,loopb001,loopebr01,526.0
Brandon Backe,2008,2008,30,30,31,['Astros'],1,407840.0,backb001,backebr01,1529.0
Brandon Claussen,2005,2005,26,26,29,['Reds'],1,407799.0,claub001,clausbr01,814.0
Brandon Duckworth,2002,2002,26,26,30,['Phillies'],1,346855.0,duckb001,duckwbr01,954.0
Brandon Finnegan,2016,2016,23,23,31,['Reds'],1,605232.0,finnb001,finnebr01,16208.0
Brandon McCarthy,2011,2014,27,30,57,['Athletics' '- - -'],2,435221.0,mccab001,mccarbr01,4662.0
Brandon Morrow,2011,2011,26,26,30,['Blue Jays'],1,453344.0,morrb001,morrobr01,9346.0
Brandon Webb,2003,2008,24,29,198,['Diamondbacks'],1,425630.0,webbb001,webbbr01,1692.0
Brett Anderson,2009,2019,21,31,92,['Athletics' 'Dodgers'],2,474463.0,andeb004,anderbr04,8223.0
Brett Cecil,2010,2010,23,23,28,['Blue Jays'],1,446399.0,cecib001,cecilbr01,2660.0
Brett Myers,2003,2011,22,30,226,['Astros' 'Phillies'],2,408206.0,myerb001,myersbr01,962.0
Brett Tomko,2002,2005,29,32,130,['Giants' 'Padres' 'Cardinals'],3,123387.0,tomkb001,tomkobr01,1056.0
Brian Anderson,2003,2004,31,32,67,['- - -' 'Royals'],2,,,,
Brian Bannister,2007,2008,26,27,59,['Royals'],1,446454.0,bannb001,bannibr01,5718.0
Brian Lawrence,2002,2005,26,29,135,['Padres'],1,400147.0,lawrb001,lawrebr02,1045.0
Brian Matusz,2010,2010,23,23,32,['Orioles'],1,451085.0,matub001,matusbr01,2646.0
Bronson Arroyo,2004,2013,27,36,332,['Reds' 'Red Sox'],2,276520.0,arrob001,arroybr01,978.0
Bruce Chen,2005,2012,28,35,68,['Orioles' 'Royals'],2,136600.0,chenb001,chenbr01,769.0
Bud Norris,2011,2014,26,29,120,['- - -' 'Astros' 'Orioles'],3,502032.0,norrb001,norribu01,9492.0
C.J. Wilson,2010,2014,29,33,165,['Rangers' 'Angels'],2,450351.0,wilsc004,wilsocj01,3580.0
CC Sabathia,2001,2016,20,35,474,['- - -' 'Indians' 'Yankees'],3,282332.0,sabac001,sabatc.01,404.0
Carl Pavano,2003,2011,27,35,162,['Marlins' '- - -' 'Twins'],3,134321.0,pavac001,pavanca01,790.0
Carlos Carrasco,2015,2018,28,31,94,['Indians'],1,471911.0,carrc003,carraca01,6632.0
Carlos Martinez,2015,2017,23,25,94,['Cardinals'],1,,,,
Carlos Rodon,2016,2016,23,23,28,['White Sox'],1,607074.0,rodoc001,rodonca01,16137.0
Carlos Silva,2004,2007,25,28,129,['Twins'],1,400067.0,silvc001,silvaca01,973.0
Carlos Zambrano,2003,2009,22,28,221,['Cubs'],1,407296.0,zambc001,zambrca01,305.0
Casey Fossum,2005,2005,27,27,36,['Devil Rays'],1,407154.0,fossc001,fossuca01,188.0
Chad Bettis,2016,2016,27,27,32,['Rockies'],1,518452.0,bettc001,bettich01,10587.0
Chad Billingsley,2008,2011,23,26,131,['Dodgers'],1,451532.0,billc001,billich01,5842.0
Chad Durbin,2001,2001,23,23,29,['Royals'],1,239795.0,durbc001,durbich01,1442.0
Chad Gaudin,2007,2007,24,24,34,['Athletics'],1,429985.0,gaudc001,gaudich01,1783.0
Chan Ho Park,2001,2001,28,28,36,['Dodgers'],1,,,,
Charlie Morton,2011,2019,27,35,92,['Rays' 'Astros' 'Pirates'],3,,,,
Chien-Ming Wang,2006,2007,26,27,64,['Yankees'],1,425426.0,wangc001,wangch01,2074.0
Chris Archer,2014,2017,25,28,133,['Rays'],1,502042.0,archc001,archech01,6345.0
Chris Capuano,2005,2012,26,33,135,['Brewers' 'Dodgers' 'Mets'],3,425626.0,capuc001,capuach01,1701.0
Chris Carpenter,2001,2011,26,36,224,['Cardinals' 'Blue Jays'],2,,,,
Chris Heston,2015,2015,27,27,31,['Giants'],1,518790.0,hestc001,hestoch01,10302.0
Chris Narveson,2010,2010,28,28,37,['Brewers'],1,429780.0,narvc001,narvech01,2141.0
Chris Reitsma,2001,2001,23,23,36,['Reds'],1,277410.0,reitc001,reitsch01,348.0
Chris Sale,2012,2017,23,28,181,['Red Sox' 'White Sox'],2,519242.0,salec001,salech01,10603.0
Chris Tillman,2013,2016,25,28,128,['Orioles'],1,501957.0,tillc001,tillmch01,5279.0
Chris Volstad,2010,2011,23,24,59,['Marlins'],1,458690.0,volsc001,volstch01,9901.0
Chris Young,2005,2014,26,35,122,['Padres' 'Rangers' 'Mariners'],3,,,,
Chuck Finley,2002,2002,39,39,32,['- - -'],1,114133.0,finlc001,finlech01,384.0
Claudio Vargas,2006,2006,28,28,31,['Diamondbacks'],1,282567.0,vargc001,vargacl01,1695.0
Clay Buchholz,2010,2014,25,29,85,['Red Sox'],1,453329.0,buchc001,buchhcl01,3543.0
Clay Hensley,2006,2006,26,26,37,['Padres'],1,454535.0,hensc002,henslcl01,4593.0
Clayton Kershaw,2009,2019,21,31,278,['Dodgers'],1,477132.0,kersc001,kershcl01,2036.0
Clayton Richard,2010,2017,26,33,98,['Padres'],1,453385.0,richc002,richacl01,3551.0
Cliff Lee,2004,2013,25,34,284,['- - -' 'Phillies' 'Indians'],3,,,,
Colby Lewis,2010,2015,30,35,126,['Rangers'],1,407890.0,lewic001,lewisco01,1259.0
Cole Hamels,2007,2018,23,34,348,['Phillies' '- - -' 'Rangers'],3,430935.0,hamec001,hamelco01,4972.0
Collin McHugh,2015,2016,28,29,65,['Astros'],1,543521.0,mchuc001,mchugco01,7531.0
Corey Kluber,2014,2018,28,32,160,['Indians'],1,446372.0,klubc001,klubeco01,2429.0
Cory Lidle,2001,2006,29,34,187,['Athletics' 'Phillies' '- - -' 'Blue Jays'],4,117756.0,lidlc001,lidleco01,926.0
Curt Schilling,2001,2006,34,39,158,['Diamondbacks' 'Red Sox'],2,121811.0,schic002,schilcu01,73.0
Daisuke Matsuzaka,2007,2008,26,27,61,['Red Sox'],1,493137.0,matsd001,matsuda01,7775.0
Dakota Hudson,2019,2019,24,24,33,['Cardinals'],1,641712.0,hudsd002,hudsoda02,19206.0
Dallas Braden,2010,2010,26,26,30,['Athletics'],1,460284.0,bradd002,bradeda01,8099.0
Dallas Keuchel,2014,2018,26,30,122,['Astros'],1,572971.0,keucd001,keuchda01,9434.0
Damian Moss,2002,2003,25,26,64,['Braves' '- - -'],2,150305.0,mossd001,mossda01,107.0
Dan Haren,2005,2015,24,34,363,['Diamondbacks' 'Angels' 'Athletics' '- - -' 'Dodgers' 'Nationals'],6,429717.0,hared001,harenda01,1757.0
Dan Straily,2016,2017,27,28,67,['Marlins' 'Reds'],2,573185.0,strad003,straida01,9460.0
Dan Wright,2002,2002,24,24,33,['White Sox'],1,216106.0,wrigd001,wrighda02,258.0
Dana Eveland,2008,2008,24,24,29,['Athletics'],1,445968.0,eveld001,evelada01,5508.0
Daniel Cabrera,2007,2008,26,27,64,['Orioles'],1,425555.0,cabrd001,cabreda01,1931.0
Daniel Hudson,2011,2011,24,24,33,['Diamondbacks'],1,543339.0,hudsd001,hudsoda01,7146.0
Danny Duffy,2016,2016,27,27,42,['Royals'],1,518633.0,duffd001,duffyda01,3542.0
Danny Graves,2003,2003,29,29,30,['Reds'],1,115056.0,gravd001,graveda01,326.0
Danny Salazar,2015,2015,25,25,30,['Indians'],1,517593.0,salad001,salazda01,5867.0
Danys Baez,2002,2002,24,24,39,['Indians'],1,,,,
Darrell May,2003,2004,31,32,66,['Royals'],1,118469.0,may-d002,mayda02,613.0
Darren Oliver,2003,2003,32,32,33,['Rockies'],1,119984.0,olivd001,oliveda02,206.0
Darryl Kile,2001,2001,32,32,34,['Cardinals'],1,117046.0,kiled001,kileda01,1163.0
Dave Bush,2006,2010,26,30,130,['Brewers'],1,433657.0,bushd001,bushda01,4635.0
Dave Mlicki,2001,2001,33,33,34,['- - -'],1,119211.0,mlicd001,mlickda01,569.0
David Price,2010,2018,24,32,255,['- - -' 'Rays' 'Red Sox'],3,456034.0,pricd001,priceda01,3184.0
David Wells,2002,2005,39,42,123,['Yankees' 'Padres' 'Red Sox'],3,124071.0,welld001,wellsda01,855.0
Denny Neagle,2001,2002,32,33,65,['Rockies'],1,119673.0,neagd001,neaglde01,441.0
Derek Holland,2011,2018,24,31,130,['Rangers' 'Giants'],2,502706.0,holld003,hollade01,4141.0
Derek Lowe,2002,2011,29,38,336,['Red Sox' 'Dodgers' 'Braves'],3,117955.0,lowed001,lowede01,199.0
Dillon Gee,2013,2013,27,27,32,['Mets'],1,518716.0,gee-d001,geedi01,7396.0
Dontrelle Willis,2004,2007,22,25,135,['Marlins'],1,425883.0,willd003,willido03,1703.0
Doug Davis,2001,2009,25,33,200,['Brewers' 'Rangers' 'Diamondbacks'],3,,,,
Doug Fister,2010,2016,26,32,150,['- - -' 'Tigers' 'Mariners' 'Nationals' 'Astros'],5,450729.0,fistd001,fistedo01,9425.0
Drew Hutchison,2014,2014,23,23,32,['Blue Jays'],1,571800.0,hutcd001,hutchdr01,10732.0
Drew Pomeranz,2016,2017,27,28,63,['Red Sox' '- - -'],2,519141.0,pomed001,pomerdr01,11426.0
Drew Smyly,2016,2016,27,27,30,['Rays'],1,592767.0,smyld001,smylydr01,11760.0
Dustin Hermanson,2001,2001,28,28,33,['Cardinals'],1,115812.0,hermd001,hermadu01,195.0
Dustin McGowan,2007,2007,25,25,27,['Blue Jays'],1,430661.0,mcgod001,mcgowdu01,8600.0
Dylan Bundy,2017,2018,24,25,59,['Orioles'],1,605164.0,bundd001,bundydy01,12917.0
Edinson Volquez,2008,2016,24,32,198,['Reds' 'Royals' 'Padres' '- - -' 'Pirates'],5,450172.0,volqe001,volqued01,3990.0
Eduardo Rodriguez,2019,2019,26,26,34,['Red Sox'],1,,,,
Edwin Jackson,2008,2013,24,29,191,['Tigers' '- - -' 'Cubs' 'Nationals' 'Rays'],5,429719.0,jacke001,jacksed01,1841.0
Elmer Dessens,2001,2003,30,32,98,['Reds' 'Diamondbacks'],2,113296.0,desse001,desseel01,317.0
Erasmo Ramirez,2015,2015,25,25,34,['Rays'],1,,,,
Eric Milton,2001,2005,25,29,132,['Twins' 'Phillies' 'Reds'],3,132980.0,milte001,miltoer01,743.0
Eric Stults,2013,2014,33,34,65,['Padres'],1,445590.0,stule002,stulter01,8011.0
Erik Bedard,2006,2007,27,28,61,['Orioles'],1,407853.0,bedae001,bedarer01,126.0
Ervin Santana,2006,2017,23,34,287,['Angels' 'Twins' 'Braves' 'Royals'],4,429722.0,sante001,santaer01,3200.0
Esteban Loaiza,2001,2005,29,33,135,['White Sox' 'Nationals' 'Blue Jays' '- - -'],4,117842.0,loaie001,loaizes01,1310.0
Felix Doubront,2013,2013,25,25,29,['Red Sox'],1,467094.0,doubf001,doubrfe01,1478.0
Felix Hernandez,2006,2015,20,29,322,['Mariners'],1,433587.0,hernf002,hernafe02,4772.0
Francisco Liriano,2010,2016,26,32,122,['Twins' 'Pirates' '- - -'],3,434538.0,lirif001,liriafr01,3201.0
Frank Castillo,2002,2002,33,33,36,['Red Sox'],1,112113.0,castf001,castifr01,180.0
Freddy Garcia,2001,2006,24,29,198,['Mariners' '- - -' 'White Sox'],3,,,,
Garrett Richards,2014,2015,26,27,58,['Angels'],1,572070.0,richg002,richaga01,9784.0
Garrett Stephenson,2003,2003,31,31,32,['Cardinals'],1,122751.0,stepg001,stephga01,1185.0
Gavin Floyd,2008,2012,25,29,154,['White Sox'],1,425856.0,floyg001,floydga01,3886.0
German Marquez,2017,2019,22,24,90,['Rockies'],1,608566.0,marqg001,marquge01,15038.0
Gerrit Cole,2015,2019,24,28,130,['Astros' 'Pirates'],2,543037.0,coleg001,colege01,13125.0
Gil Meche,2003,2008,24,29,132,['Royals' 'Mariners'],2,219194.0,mechg001,mechegi01,1089.0
Gio Gonzalez,2010,2018,24,32,256,['Nationals' 'Athletics' '- - -'],3,461829.0,gonzg003,gonzagi01,7448.0
Glendon Rusch,2001,2002,26,27,67,['Mets' 'Brewers'],2,121556.0,ruscg001,ruschgl01,707.0
Greg Maddux,2001,2008,35,42,273,['Braves' '- - -' 'Padres' 'Cubs'],4,118120.0,maddg002,maddugr01,104.0
Greg Smith,2008,2008,24,24,32,['Athletics'],1,,,,
Gustavo Chacin,2005,2005,24,24,34,['Blue Jays'],1,407860.0,chacg001,chacigu01,2060.0
Hector Noesi,2014,2014,27,27,33,['- - -'],1,456051.0,noesh001,noesihe01,3292.0
Hector Santiago,2015,2016,27,28,66,['- - -' 'Angels'],2,502327.0,santh001,santihe01,4026.0
Henderson Alvarez,2012,2014,22,24,61,['Marlins' 'Blue Jays'],2,506693.0,alvah001,alvarhe01,5669.0
Hideo Nomo,2001,2003,32,34,100,['Dodgers' 'Red Sox'],2,119827.0,nomoh001,nomohi01,666.0
Hiroki Kuroda,2008,2014,33,39,191,['Dodgers' 'Yankees'],2,493133.0,kuroh001,kurodhi01,3283.0
Hisashi Iwakuma,2013,2016,32,35,94,['Mariners'],1,547874.0,iwakh001,iwakuhi01,13048.0
Homer Bailey,2012,2019,26,33,96,['Reds' '- - -'],2,456701.0,bailh001,baileho02,8362.0
Horacio Ramirez,2003,2005,23,25,62,['Braves'],1,400141.0,ramih002,ramirho01,110.0
Hyun-Jin Ryu,2013,2019,26,32,59,['Dodgers'],1,,,,
Ian Kennedy,2010,2016,25,31,225,['Diamondbacks' 'Padres' 'Royals' '- - -'],4,453178.0,kenni001,kenneia01,6986.0
Ian Snell,2006,2008,24,26,95,['Pirates'],1,430636.0,sneli001,snellia01,2227.0
Ismael Valdez,2001,2004,27,30,92,['- - -' 'Angels'],2,123595.0,valdi001,valdeis01,1283.0
Ivan Nova,2011,2019,24,32,150,['Pirates' 'White Sox' 'Yankees'],3,467100.0,novai001,novaiv01,1994.0
J.A. Happ,2009,2018,26,35,130,['- - -' 'Blue Jays' 'Phillies'],3,457918.0,happj001,happja01,7410.0
Jack Flaherty,2019,2019,23,23,33,['Cardinals'],1,656427.0,flahj002,flaheja01,17479.0
Jacob deGrom,2015,2019,27,31,125,['Mets'],1,594798.0,degrj001,degroja01,10954.0
Jae Seo,2003,2003,26,26,32,['Mets'],1,,,,
Jaime Garcia,2010,2016,23,29,92,['Cardinals'],1,448802.0,garcj004,garcija02,8137.0
Jair Jurrjens,2008,2009,22,23,65,['Braves'],1,457453.0,jurrj001,jurrjja01,5556.0
Jake Arrieta,2015,2018,29,32,125,['Cubs' 'Phillies'],2,453562.0,arrij001,arrieja01,4153.0
Jake Odorizzi,2014,2018,24,28,124,['Rays' 'Twins'],2,543606.0,odorj001,odorija01,6397.0
Jake Peavy,2003,2014,22,33,246,['Padres' 'White Sox' '- - -'],3,408241.0,peavj001,peavyja01,1051.0
Jake Westbrook,2004,2012,26,34,193,['Indians' 'Cardinals' '- - -'],3,150414.0,westj001,westbja01,412.0
Jakob Junis,2018,2019,25,26,61,['Royals'],1,596001.0,junij001,junisja01,13619.0
James Baldwin,2001,2001,29,29,29,['- - -'],1,110503.0,baldj002,baldwja01,1064.0
James McDonald,2011,2012,26,27,61,['Pirates'],1,,,,
James Shields,2007,2018,25,36,365,['Rays' 'Royals' 'Devil Rays' 'White Sox' 'Padres' '- - -'],6,448306.0,shiej002,shielja02,7059.0
Jameson Taillon,2018,2018,26,26,32,['Pirates'],1,592791.0,tailj001,taillja01,11674.0
Jamey Wright,2001,2005,26,30,67,['Brewers' 'Rockies'],2,124604.0,wrigj001,wrighja01,715.0
Jamie Moyer,2001,2008,38,45,265,['Mariners' 'Phillies' '- - -'],3,119469.0,moyej001,moyerja01,1091.0
Jaret Wright,2004,2004,28,28,32,['Braves'],1,124605.0,wrigj002,wrighja02,415.0
Jarred Cosart,2014,2014,24,24,30,['- - -'],1,543054.0,cosaj001,cosarja01,10304.0
Jarrod Parker,2012,2013,23,24,61,['Athletics'],1,519105.0,parkj001,parkeja02,4913.0
Jarrod Washburn,2001,2009,26,34,214,['Angels' '- - -' 'Mariners'],3,132220.0,washj001,washbja01,40.0
Jason Bere,2001,2001,30,30,32,['Cubs'],1,110891.0,berej002,bereja01,266.0
Jason Davis,2003,2003,23,23,27,['Indians'],1,425186.0,davij005,davisja02,1598.0
Jason Hammel,2009,2017,26,34,219,['Rockies' 'Cubs' 'Royals' '- - -'],4,434628.0,hammj002,hammeja01,4538.0
Jason Jennings,2002,2006,23,27,129,['Rockies'],1,407298.0,jennj001,jennija01,434.0
Jason Johnson,2001,2005,27,31,130,['Tigers' 'Orioles'],2,,,,
Jason Marquis,2004,2009,25,30,194,['Rockies' 'Cardinals' 'Cubs'],3,150302.0,marqj001,marquja01,105.0
Jason Schmidt,2002,2006,29,33,151,['Giants'],1,121834.0,schmj001,schmija01,1131.0
Jason Vargas,2010,2017,27,34,158,['Mariners' 'Royals'],2,450306.0,vargj001,vargaja01,8044.0
Javier Vazquez,2001,2011,24,34,327,['Expos' 'Braves' 'White Sox' 'Diamondbacks' 'Marlins' 'Yankees'],6,134320.0,vazqj001,vazquja01,801.0
Jeff D'Amico,2003,2003,27,27,29,['Pirates'],1,,,,
Jeff Francis,2005,2011,24,30,130,['Rockies' 'Royals'],2,433585.0,franj003,francje01,4684.0
Jeff Karstens,2011,2011,28,28,30,['Pirates'],1,444371.0,karsj001,karstje01,5879.0
Jeff Locke,2013,2015,25,27,60,['Pirates'],1,502046.0,lockj001,lockeje01,2929.0
Jeff Niemann,2009,2010,26,27,61,['Rays'],1,435298.0,niemj001,niemaje01,8591.0
Jeff Samardzija,2012,2019,27,34,222,['- - -' 'Giants' 'Cubs' 'White Sox'],4,502188.0,samaj001,samarje01,3254.0
Jeff Suppan,2001,2008,26,33,259,['- - -' 'Brewers' 'Royals' 'Cardinals'],4,122987.0,suppj001,suppaje01,633.0
Jeff Weaver,2001,2006,24,29,164,['Dodgers' '- - -' 'Tigers'],3,213711.0,weavj002,weaveje01,503.0
Jerad Eickhoff,2016,2016,25,25,33,['Phillies'],1,595191.0,eickj001,eickhje01,12664.0
Jered Weaver,2008,2016,25,33,225,['Angels'],1,450308.0,weavj003,weaveje02,4235.0
Jeremy Bonderman,2004,2010,21,27,154,['Tigers'],1,425827.0,bondj001,bondeje01,1667.0
Jeremy Guthrie,2007,2014,28,35,259,['Orioles' 'Royals' '- - -'],3,425386.0,guthj001,guthrje01,2072.0
Jeremy Hellickson,2011,2017,24,30,154,['Phillies' 'Rays' '- - -'],3,476451.0,hellj001,hellije01,4371.0
Jerome Williams,2013,2013,31,31,37,['Angels'],1,425532.0,willj003,willije01,1137.0
Jesse Litsch,2008,2008,23,23,29,['Blue Jays'],1,446209.0,litsj001,litscje01,3688.0
Jhoulys Chacin,2011,2018,23,30,129,['Rockies' 'Brewers' 'Padres'],3,468504.0,chacj001,chacijh01,2608.0
Jimmy Anderson,2001,2001,25,25,34,['Pirates'],1,150247.0,andej002,anderji02,977.0
Jimmy Haynes,2001,2002,28,29,65,['Reds' 'Brewers'],2,115649.0,haynj001,hayneji01,329.0
Jimmy Nelson,2015,2017,26,28,91,['Brewers'],1,519076.0,nelsj004,nelsoji02,10547.0
Joe Blanton,2005,2012,24,31,223,['Athletics' '- - -' 'Phillies'],3,430599.0,blanj001,blantjo01,4849.0
Joe Kennedy,2002,2004,23,25,57,['Rockies' 'Devil Rays'],2,406773.0,kennj001,kennejo04,1217.0
Joe Mays,2001,2001,25,25,34,['Twins'],1,150222.0,maysj001,maysjo01,740.0
Joe Musgrove,2019,2019,26,26,32,['Pirates'],1,605397.0,musgj001,musgrjo01,12970.0
Joe Saunders,2008,2013,27,32,188,['Angels' '- - -' 'Mariners' 'Diamondbacks'],4,434578.0,saunj001,saundjo01,4366.0
Joel Pineiro,2002,2009,23,30,171,['Cardinals' 'Mariners'],2,334492.0,pinej001,pineijo01,1094.0
Joey Lucchesi,2019,2019,26,26,30,['Padres'],1,664192.0,luccj001,lucchjo01,19320.0
Johan Santana,2004,2010,25,31,222,['Twins' 'Mets'],2,276371.0,santj003,santajo02,755.0
John Burkett,2001,2003,36,38,95,['Braves' 'Red Sox'],2,111734.0,burkj001,burkejo03,179.0
John Danks,2008,2015,23,30,186,['White Sox'],1,433579.0,dankj001,danksjo01,6329.0
John Lackey,2003,2017,24,38,402,['Angels' 'Cardinals' 'Red Sox' 'Cubs' '- - -'],5,407793.0,lackj001,lackejo01,1507.0
John Lannan,2008,2011,23,26,97,['Nationals'],1,458709.0,lannj001,lannajo01,7080.0
John Maine,2007,2007,26,26,32,['Mets'],1,429720.0,mainj001,mainejo01,4773.0
John Patterson,2005,2005,27,27,31,['Nationals'],1,,,,
John Smoltz,2005,2007,38,40,100,['Braves'],1,122477.0,smolj001,smoltjo01,115.0
John Thomson,2002,2004,28,30,98,['Rangers' 'Braves' '- - -'],3,123307.0,thomj005,thomsjo01,453.0
Johnny Cueto,2008,2016,22,30,223,['Giants' 'Reds' '- - -'],3,456501.0,cuetj001,cuetojo01,6893.0
Jon Garland,2002,2010,22,30,294,['White Sox' '- - -' 'Angels' 'Padres'],4,279782.0,garlj001,garlajo01,232.0
Jon Gray,2016,2018,24,26,60,['Rockies'],1,592351.0,grayj003,grayjo02,14916.0
Jon Lester,2008,2019,24,35,385,['- - -' 'Red Sox' 'Cubs'],3,452657.0,lestj001,lestejo01,4930.0
Jon Lieber,2001,2006,31,36,123,['Cubs' 'Yankees' 'Phillies'],3,117758.0,liebj001,liebejo01,287.0
Jon Niese,2010,2015,23,28,123,['Mets'],1,,,,
Jonathan Sanchez,2009,2010,26,27,66,['Giants'],1,456043.0,sancj002,sanchjo01,7507.0
Jordan Zimmermann,2011,2015,25,29,155,['Nationals'],1,519455.0,zimmj003,zimmejo02,4505.0
Jorge De La Rosa,2009,2014,28,33,95,['Rockies'],1,407822.0,delaj001,rosajo01,2047.0
Jose Berrios,2018,2019,24,25,64,['Twins'],1,621244.0,berrj001,berrijo01,14168.0
Jose Contreras,2004,2007,32,35,125,['White Sox' '- - -'],2,,,,
Jose Fernandez,2013,2016,20,23,57,['Marlins'],1,,,,
Jose Lima,2001,2005,28,32,100,['Dodgers' '- - -' 'Royals'],3,117769.0,limaj001,limajo01,475.0
Jose Mercedes,2001,2001,30,30,33,['Orioles'],1,118960.0,mercj001,mercejo02,396.0
Jose Quintana,2013,2019,24,30,225,['White Sox' '- - -' 'Cubs'],3,500779.0,quinj001,quintjo01,11423.0
Jose Urena,2017,2018,25,26,65,['Marlins'],1,570632.0,urenj001,urenajo01,11589.0
Josh Beckett,2005,2012,25,32,209,['Red Sox' 'Marlins' '- - -'],3,277417.0,beckj002,beckejo02,510.0
Josh Collmenter,2014,2014,28,28,33,['Diamondbacks'],1,518567.0,collj001,collmjo01,7312.0
Josh Fogg,2002,2007,25,30,160,['Pirates' 'Rockies'],2,150319.0,foggj001,foggjo01,989.0
Josh Johnson,2009,2012,25,28,92,['Marlins'],1,435178.0,johnj009,johnsjo09,4567.0
Josh Tomlin,2011,2016,26,31,56,['Indians'],1,458708.0,tomlj001,tomlijo01,9388.0
Josh Towers,2005,2005,28,28,33,['Blue Jays'],1,346869.0,towej001,towerjo01,1489.0
Julio Teheran,2013,2019,22,28,222,['Braves'],1,527054.0,tehej001,teherju01,6797.0
Justin Masterson,2010,2013,25,28,134,['Indians'],1,475416.0,mastj001,masteju01,2038.0
Justin Verlander,2006,2019,23,36,431,['Tigers' 'Astros' '- - -'],3,434378.0,verlj001,verlaju01,8700.0
Kazuhisa Ishii,2004,2004,30,30,31,['Dodgers'],1,408193.0,ishik001,ishiika01,655.0
Kelvim Escobar,2003,2007,27,31,134,['Angels' 'Blue Jays'],2,113898.0,escok001,escobke01,1298.0
Kendall Graveman,2016,2016,25,25,31,['Athletics'],1,608665.0,gravk001,graveke01,15514.0
Kenny Rogers,2002,2008,37,43,195,['Rangers' 'Twins' 'Tigers'],3,121386.0,rogek001,rogerke01,1277.0
Kenta Maeda,2016,2016,28,28,32,['Dodgers'],1,628317.0,maedk001,maedake01,18498.0
Kerry Wood,2001,2003,24,26,93,['Cubs'],1,134268.0,woodk002,woodke02,304.0
Kevin Appier,2001,2002,33,34,65,['Mets' 'Angels'],2,110293.0,appik001,appieke01,3.0
Kevin Brown,2003,2003,38,38,32,['Dodgers'],1,,,,
Kevin Correia,2009,2013,28,32,96,['Padres' 'Twins' 'Pirates'],3,429781.0,corrk001,correke01,1767.0
Kevin Gausman,2016,2018,25,27,95,['Orioles' '- - -'],2,592332.0,gausk001,gausmke01,14107.0
Kevin Jarvis,2001,2001,31,31,32,['Padres'],1,116496.0,jarvk001,jarvike01,1037.0
Kevin Millwood,2002,2010,27,35,256,['Phillies' 'Braves' 'Rangers' 'Indians' 'Orioles'],5,119154.0,millk004,millwke01,106.0
Kevin Tapani,2001,2001,37,37,29,['Cubs'],1,123090.0,tapak001,tapanke01,1012824.0
Kip Wells,2002,2007,25,30,131,['Pirates' 'Cardinals'],2,150337.0,wellk001,wellski01,1012.0
Kirk Rueter,2001,2004,30,33,100,['Giants'],1,121541.0,ruetk001,rueteki01,1128.0
Kris Benson,2004,2006,29,31,89,['- - -' 'Mets' 'Orioles'],3,150249.0,bensk001,bensokr01,982.0
Kris Medlen,2013,2013,27,27,32,['Braves'],1,450665.0,medlk001,medlekr01,9417.0
Kyle Davies,2010,2010,26,26,32,['Royals'],1,434678.0,davik002,davieky01,3642.0
Kyle Freeland,2018,2018,25,25,33,['Rockies'],1,607536.0,freek001,freelky01,16256.0
Kyle Gibson,2014,2018,26,30,95,['Twins'],1,502043.0,gibsk002,gibsoky01,10123.0
Kyle Hendricks,2015,2019,25,29,126,['Cubs'],1,543294.0,hendk001,hendrky01,12049.0
Kyle Kendrick,2010,2014,25,29,95,['Phillies'],1,452718.0,kendk001,kendrky01,6230.0
Kyle Lohse,2002,2014,23,35,324,['Cardinals' '- - -' 'Twins' 'Brewers'],4,346798.0,lohsk001,lohseky01,739.0
Lance Lynn,2012,2019,25,32,198,['Rangers' 'Cardinals'],2,458681.0,lynnl001,lynnla01,2520.0
Livan Hernandez,2001,2011,26,36,361,['Expos' 'Giants' 'Nationals' '- - -' 'Diamondbacks'],5,,,,
Lucas Giolito,2018,2019,23,24,61,['White Sox'],1,608337.0,gioll001,giolilu01,15474.0
Lucas Harrell,2012,2012,27,27,32,['Astros'],1,449173.0,harrl002,harrelu01,7541.0
Luis Castillo,2018,2019,25,26,63,['Reds'],1,,,,
Luis Mendoza,2012,2012,28,28,30,['Royals'],1,434669.0,mendl001,mendolu01,3126.0
Luis Perdomo,2017,2017,24,24,29,['Padres'],1,,,,
Luis Severino,2017,2018,23,24,63,['Yankees'],1,622663.0,sevel001,severlu01,15890.0
Luke Hochevar,2011,2012,27,28,63,['Royals'],1,460024.0,hochl001,hochelu01,6943.0
Madison Bumgarner,2011,2019,21,29,229,['Giants'],1,518516.0,bumgm001,bumgama01,5524.0
Manny Parra,2008,2008,25,25,32,['Brewers'],1,448159.0,parrm001,parrama01,4279.0
Marco Estrada,2015,2017,31,33,96,['Blue Jays'],1,462136.0,estrm001,estrama01,1118.0
Marco Gonzales,2018,2019,26,27,63,['Mariners'],1,594835.0,gonzm005,gonzama02,15467.0
Marcus Stroman,2016,2019,25,28,97,['- - -' 'Blue Jays'],2,573186.0,strom001,stromma01,13431.0
Mark Buehrle,2001,2015,22,36,490,['White Sox' 'Blue Jays' 'Marlins'],3,279824.0,buehm001,buehrma01,225.0
Mark Hendrickson,2004,2006,30,32,94,['Devil Rays' '- - -'],2,424805.0,hendm001,hendrma01,1574.0
Mark Mulder,2001,2005,23,27,155,['Athletics' 'Cardinals'],2,150426.0,muldm001,muldema01,932.0
Mark Prior,2003,2005,22,24,57,['Cubs'],1,407578.0,priom001,priorma01,301.0
Mark Redman,2002,2006,28,32,150,['Marlins' 'Tigers' 'Pirates' 'Athletics' 'Royals'],5,150230.0,redmm002,redmama01,491.0
Martin Perez,2016,2019,25,28,97,['Rangers' 'Twins'],2,527048.0,perem004,perezma02,6902.0
Masahiro Tanaka,2016,2019,27,30,93,['Yankees'],1,547888.0,tanam001,tanakma01,15764.0
Mat Latos,2010,2013,22,25,127,['Reds' 'Padres'],2,502009.0,latom001,latosma01,3815.0
Matt Belisle,2007,2007,27,27,30,['Reds'],1,279571.0,belim001,belisma01,1837.0
Matt Cain,2006,2013,21,28,259,['Giants'],1,430912.0,cainm001,cainma01,4732.0
Matt Chico,2007,2007,24,24,31,['Nationals'],1,453889.0,chicm001,chicoma01,6068.0
Matt Clement,2001,2005,26,30,157,['Cubs' 'Red Sox' 'Marlins'],3,136725.0,clemm001,clemema01,271.0
Matt Garza,2008,2014,24,30,153,['Cubs' 'Rays' 'Brewers'],3,490063.0,garzm001,garzama01,3340.0
Matt Harrison,2011,2012,25,26,63,['Rangers'],1,457448.0,harrm001,harrima01,5551.0
Matt Harvey,2013,2015,24,26,55,['Mets'],1,518774.0,harvm001,harvema01,11713.0
Matt Kinney,2003,2003,26,26,33,['Brewers'],1,150219.0,kinnm002,kinnema01,737.0
Matt Moore,2012,2017,23,28,96,['Rays' '- - -' 'Giants'],3,519043.0,moorm003,moorema02,1890.0
Matt Morris,2001,2007,26,32,221,['Cardinals' '- - -' 'Giants'],3,119403.0,morrm001,morrima01,1172.0
Matthew Boyd,2018,2019,27,28,63,['Tigers'],1,,,,
Max Fried,2019,2019,25,25,33,['Braves'],1,608331.0,friem001,friedma01,13743.0
Max Scherzer,2009,2019,24,34,349,['Nationals' 'Tigers' 'Diamondbacks'],3,453286.0,schem001,scherma01,3137.0
Merrill Kelly,2019,2019,30,30,32,['Diamondbacks'],1,518876.0,kellm002,kellyme01,11156.0
Michael Fulmer,2017,2017,24,24,25,['Tigers'],1,605242.0,fulmm001,fulmemi01,13218.0
Michael Pineda,2011,2016,22,27,60,['Mariners' 'Yankees'],2,501381.0,pinem001,pinedmi01,5372.0
Michael Wacha,2015,2017,23,25,60,['Cardinals'],1,608379.0,wachm001,wachami01,14078.0
Miguel Batista,2002,2007,31,36,177,['Diamondbacks' 'Mariners' 'Blue Jays'],3,110683.0,batim001,batismi01,46.0
Miguel Gonzalez,2013,2013,29,29,30,['Orioles'],1,,,,
Mike Clevinger,2018,2018,27,27,32,['Indians'],1,605182.0,clevm001,clevimi01,12808.0
Mike Fiers,2015,2019,30,34,126,['- - -' 'Athletics' 'Astros'],3,571666.0,fierm001,fiersmi01,7754.0
Mike Foltynewicz,2018,2018,26,26,31,['Braves'],1,592314.0,foltm001,foltymi01,10811.0
Mike Hampton,2001,2004,28,31,122,['Braves' 'Rockies'],2,115399.0,hampm001,hamptmi01,430.0
Mike Leake,2011,2019,23,31,277,['- - -' 'Cardinals' 'Reds' 'Mariners'],4,502190.0,leakm001,leakemi01,10130.0
Mike Maroth,2003,2005,25,27,100,['Tigers'],1,400077.0,marom001,marotmi01,1508.0
Mike Minor,2012,2019,24,31,94,['Rangers' 'Braves'],2,501985.0,minom001,minormi01,10021.0
Mike Mussina,2001,2008,32,39,221,['Yankees'],1,119608.0,mussm001,mussimi01,837.0
Mike Pelfrey,2008,2015,24,31,161,['Mets' 'Twins'],2,460059.0,pelfm001,pelfrmi01,5203.0
Mike Soroka,2019,2019,21,21,29,['Braves'],1,647336.0,sorom001,sorokmi01,18383.0
Miles Mikolas,2018,2019,29,30,64,['Cardinals'],1,571945.0,mikom001,mikolmi01,9803.0
Nate Cornejo,2003,2003,23,23,32,['Tigers'],1,407074.0,cornn001,cornena01,462.0
Nate Robertson,2004,2008,26,30,160,['Tigers'],1,425146.0,roben001,roberna01,1620.0
Nathan Eovaldi,2014,2014,24,24,33,['Marlins'],1,543135.0,eovan001,eovalna01,9132.0
Nick Blackburn,2008,2009,26,27,66,['Twins'],1,448147.0,blacn001,blackni01,4270.0
Nick Pivetta,2018,2018,25,25,33,['Phillies'],1,601713.0,piven001,pivetni01,15454.0
Noah Lowry,2005,2005,24,24,33,['Giants'],1,430161.0,lowrn001,lowryno01,1833.0
Noah Syndergaard,2016,2019,23,26,63,['Mets'],1,592789.0,syndn001,syndeno01,11762.0
Odalis Perez,2002,2004,25,27,93,['Dodgers'],1,136602.0,pereo001,perezod01,668.0
Oliver Perez,2004,2008,22,26,93,['Pirates' 'Mets'],2,424144.0,pereo002,perezol01,1514.0
Omar Daal,2001,2001,29,29,32,['Phillies'],1,112984.0,daalo001,daalom01,646.0
Orlando Hernandez,2006,2006,36,36,29,['- - -'],1,133340.0,herno001,hernaor01,823.0
Pat Rapp,2001,2001,33,33,31,['Angels'],1,120933.0,rappp001,rapppa01,1010700.0
Patrick Corbin,2013,2019,23,29,131,['Diamondbacks' 'Nationals'],2,571578.0,corbp001,corbipa01,9323.0
Paul Abbott,2001,2001,33,33,28,['Mariners'],1,110015.0,abbop001,abbotpa01,1061.0
Paul Byrd,2002,2008,31,37,156,['Angels' 'Royals' 'Indians' '- - -'],4,111838.0,byrdp001,byrdpa01,594.0
Paul Maholm,2006,2012,24,30,211,['Pirates' '- - -'],2,430904.0,mahop002,maholpa01,8678.0
Paul Wilson,2002,2004,29,31,87,['Reds' 'Devil Rays'],2,124417.0,wilsp001,wilsopa02,1234.0
Pedro Astacio,2001,2002,31,32,57,['- - -' 'Mets'],2,110359.0,astap001,astacpe01,862.0
Pedro Martinez,2002,2005,30,33,123,['Red Sox' 'Mets'],2,,,,
Phil Hughes,2010,2014,24,28,95,['Twins' 'Yankees'],2,461833.0,hughp001,hugheph01,7450.0
Philip Humber,2011,2011,28,28,28,['White Sox'],1,458950.0,humbp001,humbeph01,8586.0
R.A. Dickey,2010,2017,35,42,256,['Mets' 'Blue Jays' 'Braves'],3,285079.0,dickr001,dicker.01,1245.0
Ramon Ortiz,2001,2006,28,33,159,['Angels' 'Reds' 'Nationals'],3,150009.0,ortir002,ortizra02,27.0
Randy Johnson,2001,2008,37,44,202,['Diamondbacks' 'Yankees'],2,,,,
Randy Wells,2009,2010,26,27,59,['Cubs'],1,448694.0,wellr001,wellsra01,4535.0
Randy Wolf,2001,2011,24,34,226,['Phillies' 'Dodgers' '- - -' 'Brewers'],4,150116.0,wolfr001,wolfra02,976.0
Reynaldo Lopez,2018,2019,24,25,65,['White Sox'],1,625643.0,loper003,lopezre01,16400.0
Rich Harden,2004,2004,22,22,31,['Athletics'],1,425848.0,hardr001,harderi01,1772.0
Rich Hill,2007,2007,27,27,32,['Cubs'],1,448179.0,hillr001,hillri01,4806.0
Rick Helling,2001,2002,30,31,64,['Rangers' 'Diamondbacks'],2,115727.0,hellr001,helliri01,58.0
Rick Porcello,2009,2019,20,30,343,['Red Sox' 'Tigers'],2,519144.0,porcr001,porceri01,2717.0
Rick Reed,2001,2002,35,36,65,['- - -' 'Twins'],2,,,,
Ricky Nolasco,2008,2017,25,34,228,['Marlins' '- - -' 'Angels'],3,445060.0,nolar001,nolasri01,3830.0
Ricky Romero,2009,2012,24,27,125,['Blue Jays'],1,460069.0,romer002,romerri01,3403.0
Robbie Ray,2016,2019,24,27,93,['Diamondbacks'],1,592662.0,ray-r002,rayro02,11486.0
Robert Person,2001,2001,31,31,33,['Phillies'],1,120447.0,persr001,persoro01,966.0
Roberto Hernandez,2007,2014,26,33,129,['Indians' '- - -'],2,,,,
Rodrigo Lopez,2002,2010,26,34,174,['Orioles' 'Diamondbacks'],2,150438.0,loper001,lopezro02,150.0
Roenis Elias,2014,2014,25,25,29,['Mariners'],1,606273.0,eliar001,eliasro01,12673.0
Roger Clemens,2001,2005,38,42,160,['Astros' 'Yankees'],2,112388.0,clemr001,clemero02,815.0
Ross Detwiler,2012,2012,26,26,33,['Nationals'],1,446321.0,detwr001,detwiro01,2859.0
Ross Ohlendorf,2009,2009,26,26,29,['Pirates'],1,456027.0,ohler001,ohlenro01,8268.0
Roy Halladay,2002,2011,25,34,264,['Phillies' 'Blue Jays'],2,136880.0,hallr001,hallaro01,1303.0
Roy Oswalt,2002,2010,24,32,267,['Astros' '- - -'],2,400061.0,oswar001,oswalro01,571.0
Rubby de la Rosa,2015,2015,26,26,32,['Diamondbacks'],1,523989.0,delar003,delarru01,3862.0
Russ Ortiz,2001,2004,27,30,134,['Giants' 'Braves'],2,133460.0,ortir001,ortizru01,1124.0
Ryan Dempster,2001,2013,24,36,259,['Cubs' '- - -' 'Marlins' 'Red Sox'],4,133225.0,dempr002,dempsry01,517.0
Ryan Drese,2004,2004,28,28,34,['Rangers'],1,400181.0,dresr001,dresery01,379.0
Ryan Franklin,2003,2005,30,32,96,['Mariners'],1,211041.0,franr001,frankry01,1076.0
Ryan Jensen,2002,2002,26,26,32,['Giants'],1,276528.0,jensr001,jensery01,1117.0
Ryan Vogelsong,2011,2014,33,36,93,['Giants'],1,285064.0,voger001,vogelry01,1011.0
Sandy Alcantara,2019,2019,23,23,32,['Marlins'],1,645261.0,alcas001,alcansa01,18684.0
Scott Baker,2008,2010,26,28,90,['Twins'],1,,,,
Scott Diamond,2012,2012,25,25,27,['Twins'],1,539438.0,diams001,diamosc01,5089.0
Scott Elarton,2005,2005,29,29,31,['Indians'],1,134003.0,elars001,elartsc01,426.0
Scott Feldman,2009,2014,26,31,93,['Rangers' '- - -' 'Astros'],3,444857.0,felds001,feldmsc01,6283.0
Scott Kazmir,2005,2015,21,31,129,['Devil Rays' 'Athletics' '- - -'],3,431148.0,kazms001,kazmisc01,4897.0
Scott Olsen,2006,2008,22,24,97,['Marlins'],1,435179.0,olses001,olsensc01,4529.0
Scott Schoeneweis,2001,2001,27,27,32,['Angels'],1,150011.0,schos001,schoesc01,33.0
Sean Newcomb,2018,2018,25,25,31,['Braves'],1,656794.0,newcs001,newcose01,16943.0
Shane Bieber,2019,2019,24,24,34,['Indians'],1,669456.0,biebs001,biebesh01,19427.0
Shane Reynolds,2001,2003,33,35,58,['Astros' 'Braves'],2,121110.0,reyns001,reynosh01,574.0
Shaun Marcum,2010,2011,28,29,64,['Blue Jays' 'Brewers'],2,451788.0,marcs001,marcush01,6204.0
Shawn Estes,2004,2004,31,31,34,['Rockies'],1,113915.0,estes001,estessh01,873.0
Shelby Miller,2013,2015,22,24,96,['Braves' 'Cardinals'],2,571946.0,mills001,millesh01,10197.0
Sidney Ponson,2002,2004,25,27,92,['- - -' 'Orioles'],2,132260.0,ponss001,ponsosi01,161.0
Sonny Gray,2014,2019,24,29,122,['Reds' 'Athletics' '- - -'],3,543243.0,grays001,grayso01,12768.0
Stephen Strasburg,2013,2019,24,30,125,['Nationals'],1,544931.0,stras001,strasst01,10131.0
Steve Sparks,2001,2002,35,36,67,['Tigers'],1,,,,
Steve Trachsel,2001,2006,30,35,154,['Mets'],1,123431.0,tracs001,trachst01,898.0
Taijuan Walker,2015,2015,22,22,29,['Mariners'],1,592836.0,walkt004,walketa01,11836.0
Tanner Roark,2014,2019,27,32,159,['Nationals' '- - -'],2,543699.0,roart001,roarkta01,8753.0
Tanyon Sturtze,2001,2002,30,31,72,['Devil Rays'],1,122915.0,sturt001,sturtta01,1230.0
Ted Lilly,2003,2011,27,35,254,['Cubs' 'Athletics' 'Blue Jays' '- - -' 'Dodgers'],5,150404.0,lillt001,lillyte01,833.0
Terry Adams,2001,2001,28,28,43,['Dodgers'],1,110067.0,adamt001,adamste01,946.0
Tim Hudson,2001,2014,25,38,354,['Athletics' 'Braves' 'Giants'],3,218596.0,hudst001,hudsoti01,921.0
Tim Lincecum,2008,2013,24,29,197,['Giants'],1,453311.0,linct001,linceti01,5705.0
Tim Redding,2003,2008,25,30,66,['Astros' 'Nationals'],2,400062.0,reddt001,redditi01,573.0
Tim Stauffer,2011,2011,29,29,31,['Padres'],1,431162.0,staut001,staufti01,6432.0
Tim Wakefield,2001,2008,34,41,251,['Red Sox'],1,123801.0,waket001,wakefti01,219.0
Todd Ritchie,2001,2001,29,29,33,['Pirates'],1,121234.0,ritct001,ritchto01,253.0
Todd Wellemeyer,2008,2008,29,29,32,['Cardinals'],1,425487.0,wellt002,welleto01,1709.0
Tom Glavine,2001,2007,35,41,235,['Mets' 'Braves'],2,114849.0,glavt001,glavito02,90.0
Tom Gorzelanny,2007,2007,24,24,32,['Pirates'],1,452733.0,gorzt001,gorzeto01,6244.0
Tom Koehler,2014,2016,28,30,97,['Marlins'],1,543408.0,koeht001,koehlto01,6570.0
Tommy Hanson,2010,2012,23,25,65,['Braves'],1,462102.0,hanst001,hansoto01,9129.0
Tommy Milone,2012,2012,25,25,31,['Athletics'],1,543548.0,milot001,milonto01,7608.0
Tomo Ohka,2002,2005,26,29,98,['Expos' '- - -'],2,219594.0,ohkat001,ohkato01,788.0
Tony Armas Jr.,2001,2002,23,24,63,['Expos'],1,,,,
Travis Wood,2013,2014,26,27,63,['Cubs'],1,475243.0,woodt004,woodtr01,9884.0
Trevor Bauer,2015,2019,24,28,160,['Indians' '- - -'],2,545333.0,bauet001,bauertr01,12703.0
Trevor Cahill,2009,2012,21,24,128,['Diamondbacks' 'Athletics'],2,502239.0,cahit001,cahiltr01,6249.0
Trevor Williams,2018,2018,26,26,31,['Pirates'],1,592866.0,willt002,willitr01,16977.0
Ty Blach,2017,2017,26,26,34,['Giants'],1,621389.0,blact002,blachty01,14361.0
Tyler Anderson,2018,2018,28,28,32,['Rockies'],1,542881.0,andet002,anderty01,12880.0
Tyson Ross,2014,2015,27,28,64,['Padres'],1,475115.0,rosst001,rossty01,7872.0
Ubaldo Jimenez,2008,2015,24,31,227,['Rockies' 'Indians' '- - -' 'Orioles'],4,434622.0,jimeu001,jimenub01,3374.0
Vicente Padilla,2002,2008,24,30,126,['Phillies' 'Rangers'],2,218894.0,padiv001,padilvi01,964.0
Victor Zambrano,2003,2005,27,29,65,['Mets' 'Devil Rays'],2,406913.0,zambv001,zambrvi01,1237.0
Wade Davis,2010,2011,24,25,58,['Rays'],1,451584.0,daviw001,daviswa01,7441.0
Wade Miley,2012,2019,25,32,193,['Diamondbacks' 'Red Sox' 'Astros' '- - -'],4,489119.0,milew001,mileywa01,8779.0
Wade Miller,2001,2003,24,26,91,['Astros'],1,150063.0,millw001,millewa04,568.0
Walker Buehler,2019,2019,24,24,30,['Dodgers'],1,621111.0,buehw001,buehlwa01,19374.0
Wandy Rodriguez,2007,2012,28,33,160,['Astros' '- - -'],2,434643.0,rodrw002,rodriwa01,2586.0
Wayne Franklin,2003,2003,29,29,36,['Brewers'],1,276356.0,franw001,frankwa01,557.0
Wei-Yin Chen,2012,2015,26,29,94,['Orioles'],1,612672.0,chenw001,chenwe02,13071.0
Wily Peralta,2013,2014,24,25,64,['Brewers'],1,503449.0,peraw001,peralwi01,7738.0
Woody Williams,2001,2007,34,40,132,['Cardinals' '- - -' 'Astros'],3,,,,
Yordano Ventura,2014,2016,23,25,91,['Royals'],1,570649.0,venty001,ventuyo01,11855.0
Yovani Gallardo,2009,2015,23,29,223,['Brewers' 'Rangers'],2,451596.0,gally001,gallayo01,8173.0
Yu Darvish,2012,2019,25,32,123,['Rangers' '- - -' 'Cubs'],3,506433.0,darvy001,darviyu01,13074.0
Zach Davies,2016,2017,23,24,61,['Brewers'],1,605200.0,daviz001,davieza02,13183.0
Zach Duke,2006,2009,23,26,97,['Pirates'],1,435043.0,dukez001,dukeza01,3840.0
Zach Eflin,2019,2019,25,25,32,['Phillies'],1,621107.0,efliz001,eflinza01,13774.0
Zack Godley,2018,2018,28,28,33,['Diamondbacks'],1,643327.0,godlz001,godleza01,14862.0
Zack Greinke,2005,2019,21,35,383,['Royals' '- - -' 'Dodgers' 'Diamondbacks' 'Brewers'],5,425844.0,greiz001,greinza01,1943.0
Zack Wheeler,2014,2019,24,29,92,['Mets'],1,,,,
